name,domain
3M,3m.com
A. O. Smith,aosmith.com
AbbVie,abbvie.com
Accenture,accenture.com
AMD,amd.com
AES Corporation,aes.com
Aflac,aflac.com
Agilent Technologies,agilent.com
Air Products,airproducts.com
Akamai Technologies,akamai.com
Albemarle,albemarle.com
Alexandria Real Estate Equities,are.com
Align Technology,aligntech.com
Allegion,allegion.com
Alliant Energy,alliantenergy.com
Allstate,allstate.com
Alphabet,abc.xyz
Altria,altria.com
Amazon,amazon.com
Amcor,amcor.com
Ameren,ameren.com
American Electric Power,aep.com
American Tower,americantower.com
American Water Works,amwater.com
Ameriprise Financial,ameriprise.com
AMETEK,ametek.com
Amgen,amgen.com
Amphenol,amphenol.com
Analog Devices,analog.com
Aon,aon.com
APA Corporation,apacorp.com
Apollo Global Management,apollo.com
Apple,apple.com
Applied Materials,appliedmaterials.com
AppLovin,applovin.com
Aptiv,aptiv.com
Arch Capital Group,archgroup.com
Archer Daniels Midland,adm.com
Ares Management,aresmgmt.com
Arista Networks,arista.com
Arthur J. Gallagher,ajg.com
Assurant,assurant.com
AT&T,att.com
Atmos Energy,atmosenergy.com
ADP,adp.com
AutoZone,autozone.com
AvalonBay Communities,avalonbay.com
Avery Dennison,averydennison.com
Axon,axon.com
Baker Hughes,bakerhughes.com
Ball Corporation,ball.com
Bank of America,bankofamerica.com
Baxter International,baxter.com
Becton Dickinson,bd.com
Berkshire Hathaway,berkshirehathaway.com
Bio-Techne,bio-techne.com
Biogen,biogen.com
BlackRock,blackrock.com
Blackstone,blackstone.com
Block,block.xyz
BNY Mellon,bny.com
Boeing,boeing.com
Booking Holdings,bookingholdings.com
Bristol Myers Squibb,bms.com
Broadcom,broadcom.com
Broadridge,broadridge.com
Brown & Brown,bbrown.com
Brown-Forman,brown-forman.com
Builders FirstSource,bldr.com
Bunge,bunge.com
BXP,bxp.com
C.H. Robinson,chrobinson.com
Cadence Design Systems,cadence.com
Camden Property Trust,camdenliving.com
Carnival Corporation,carnivalcorp.com
Carrier Global,carrier.com
Carvana,carvana.com
Casey's General Stores,caseys.com
Cboe Global Markets,cboe.com
CBRE Group,cbre.com
CDW,cdw.com
Cencora,cencora.com
Centene,centene.com
CenterPoint Energy,centerpointenergy.com
CF Industries,cfindustries.com
Charles River Laboratories,criver.com
Chevron,chevron.com
Chipotle Mexican Grill,chipotle.com
Chubb,chubb.com
Church & Dwight,churchdwight.com
Ciena,ciena.com
Cincinnati Financial,cinfin.com
Cintas,cintas.com
Citizens Financial Group,citizensbank.com
Clorox,clorox.com
CME Group,cmegroup.com
CMS Energy,cmsenergy.com
Coca-Cola,coca-colacompany.com
Cognizant,cognizant.com
Coherent Corp,coherent.com
Colgate-Palmolive,colgatepalmolive.com
Comfort Systems USA,comfortsystemsusa.com
ConocoPhillips,conocophillips.com
Consolidated Edison,coned.com
Constellation Brands,cbrands.com
Constellation Energy,constellationenergy.com
The Cooper Companies,coopercos.com
Copart,copart.com
Corning,corning.com
Corpay,corpay.com
Corteva,corteva.com
CoStar Group,costargroup.com
Costco,costco.com
CRH,crh.com
CrowdStrike,crowdstrike.com
Crown Castle,crowncastle.com
CSX,csx.com
Cummins,cummins.com
Danaher,danaher.com
Darden Restaurants,darden.com
Datadog,datadoghq.com
DaVita,davita.com
Deckers Brands,deckers.com
Delta Air Lines,delta.com
Devon Energy,devonenergy.com
Dexcom,dexcom.com
Diamondback Energy,diamondbackenergy.com
Digital Realty,digitalrealty.com
Dollar General,dollargeneral.com
Dollar Tree,dollartree.com
Dominion Energy,dominionenergy.com
Domino's,dominos.com
DoorDash,doordash.com
Dover Corporation,dovercorporation.com
Dow,dow.com
D.R. Horton,drhorton.com
DTE Energy,dteenergy.com
Duke Energy,duke-energy.com
DuPont,dupont.com
Eaton,eaton.com
eBay,ebay.com
EchoStar,echostar.com
Ecolab,ecolab.com
Edison International,edisoninternational.com
Edwards Lifesciences,edwards.com
Electronic Arts,ea.com
Elevance Health,elevancehealth.com
EMCOR Group,emcorgroup.com
Emerson,emerson.com
Entergy,entergy.com
EOG Resources,eogresources.com
EQT Corporation,eqt.com
Equifax,equifax.com
Equinix,equinix.com
Equity Residential,equityapartments.com
Erie Indemnity,erieinsurance.com
Essex Property Trust,essexapartmenthomes.com
Estee Lauder Companies,elcompanies.com
Everest Group,everestglobal.com
Evergy,evergy.com
Eversource Energy,eversource.com
Exelon,exeloncorp.com
Expand Energy,expandenergy.com
Expedia Group,expediagroup.com
Expeditors International,expeditors.com
Extra Space Storage,extraspace.com
ExxonMobil,exxonmobil.com
F5,f5.com
FactSet,factset.com
FICO,fico.com
Fastenal,fastenal.com
Federal Realty Investment Trust,federalrealty.com
FedEx,fedex.com
FIS,fisglobal.com
Fifth Third Bank,53.com
First Solar,firstsolar.com
FirstEnergy,firstenergycorp.com
Flex,flex.com
Ford Motor Company,ford.com
Fortinet,fortinet.com
Fortive,fortive.com
Fox Corporation,foxcorporation.com
Franklin Templeton,franklintempleton.com
Freeport-McMoRan,fcx.com
Garmin,garmin.com
Gartner,gartner.com
GE HealthCare,gehealthcare.com
GE Vernova,gevernova.com
Gen Digital,gendigital.com
Generac,generac.com
General Dynamics,gd.com
General Mills,generalmills.com
General Motors,gm.com
Genuine Parts Company,genpt.com
Gilead Sciences,gilead.com
Global Payments,globalpayments.com
Globe Life,globelifeinsurance.com
GoDaddy,godaddy.com
Goldman Sachs,goldmansachs.com
Halliburton,halliburton.com
The Hartford,thehartford.com
Hasbro,hasbro.com
HCA Healthcare,hcahealthcare.com
Healthpeak Properties,healthpeak.com
Henry Schein,henryschein.com
The Hershey Company,thehersheycompany.com
Hilton,hilton.com
The Home Depot,homedepot.com
Hormel Foods,hormelfoods.com
Host Hotels & Resorts,hosthotels.com
Howmet Aerospace,howmet.com
Hubbell,hubbell.com
Huntington Bancshares,huntington.com
Huntington Ingalls Industries,hii.com
IBM,ibm.com
IDEX Corporation,idexcorp.com
IDEXX Laboratories,idexx.com
Illinois Tool Works,itw.com
Incyte,incyte.com
Ingersoll Rand,irco.com
Insulet Corporation,insulet.com
Interactive Brokers,interactivebrokers.com
Intercontinental Exchange,ice.com
IFF,iff.com
International Paper,internationalpaper.com
Intuit,intuit.com
Intuitive Surgical,intuitive.com
Invesco,invesco.com
Invitation Homes,invitationhomes.com
IQVIA,iqvia.com
Iron Mountain,ironmountain.com
J.B. Hunt,jbhunt.com
Jabil,jabil.com
Jack Henry & Associates,jackhenry.com
Jacobs,jacobs.com
Johnson & Johnson,jnj.com
Johnson Controls,johnsoncontrols.com
JPMorgan Chase,jpmorganchase.com
Kenvue,kenvue.com
Keurig Dr Pepper,keurigdrpepper.com
KeyCorp,key.com
Keysight Technologies,keysight.com
Kimberly-Clark,kimberly-clark.com
Kimco Realty,kimcorealty.com
Kinder Morgan,kindermorgan.com
KKR,kkr.com
KLA,kla.com
Kraft Heinz,kraftheinzcompany.com
Kroger,thekrogerco.com
L3Harris,l3harris.com
Labcorp,labcorp.com
Lam Research,lamresearch.com
Las Vegas Sands,sands.com
Leidos,leidos.com
Lennar,lennar.com
Lennox International,lennoxinternational.com
Linde,linde.com
Live Nation Entertainment,livenationentertainment.com
Lockheed Martin,lockheedmartin.com
Loews Corporation,loews.com
Lululemon,lululemon.com
Lumentum,lumentum.com
LyondellBasell,lyondellbasell.com
M&T Bank,mtb.com
Marathon Petroleum,marathonpetroleum.com
Marriott International,marriott.com
Marsh McLennan,mmc.com
Martin Marietta,martinmarietta.com
Marvell Technology,marvell.com
Masco,masco.com
McCormick & Company,mccormickcorporation.com
McDonald's,mcdonalds.com
Meta Platforms,meta.com
Mettler Toledo,mt.com
MGM Resorts International,mgmresorts.com
Microchip Technology,microchip.com
Micron Technology,micron.com
Microsoft,microsoft.com
Mid-America Apartment Communities,maac.com
Moderna,modernatx.com
Molson Coors,molsoncoors.com
Mondelez International,mondelezinternational.com
Monolithic Power Systems,monolithicpower.com
Monster Beverage,monsterbevcorp.com
Moody's Corporation,moodys.com
Morgan Stanley,morganstanley.com
The Mosaic Company,mosaicco.com
Motorola Solutions,motorolasolutions.com
MSCI,msci.com
Newmont,newmont.com
News Corp,newscorp.com
NextEra Energy,nexteraenergy.com
Nike,nike.com
NiSource,nisource.com
Nordson Corporation,nordson.com
Norfolk Southern,norfolksouthern.com
Northern Trust,northerntrust.com
Northrop Grumman,northropgrumman.com
Norwegian Cruise Line Holdings,nclhltd.com
NRG Energy,nrg.com
Nucor,nucor.com
NVR,nvrinc.com
NXP Semiconductors,nxp.com
O'Reilly Auto Parts,oreillyauto.com
Occidental Petroleum,oxy.com
Old Dominion Freight Line,odfl.com
Omnicom Group,omnicomgroup.com
onsemi,onsemi.com
ONEOK,oneok.com
Oracle,oracle.com
Otis Worldwide,otis.com
PACCAR,paccar.com
Packaging Corporation of America,packagingcorp.com
Palo Alto Networks,paloaltonetworks.com
Paramount Skydance,paramount.com
Parker Hannifin,parker.com
Paychex,paychex.com
Pentair,pentair.com
PepsiCo,pepsico.com
PG&E Corporation,pgecorp.com
Philip Morris International,pmi.com
Phillips 66,phillips66.com
Pinnacle West Capital,pinnaclewest.com
PNC Financial Services,pnc.com
PPG Industries,ppg.com
PPL Corporation,pplweb.com
Principal Financial Group,principal.com
Procter & Gamble,pg.com
Progressive,progressive.com
Prologis,prologis.com
PSEG,pseg.com
PTC,ptc.com
Public Storage,publicstorage.com
PulteGroup,pultegroup.com
Quanta Services,quantaservices.com
Qualcomm,qualcomm.com
Quest Diagnostics,questdiagnostics.com
Ralph Lauren,ralphlauren.com
Raymond James Financial,raymondjames.com
RTX Corporation,rtx.com
Realty Income,realtyincome.com
Regency Centers,regencycenters.com
Regeneron Pharmaceuticals,regeneron.com
Regions Financial,regions.com
Republic Services,republicservices.com
ResMed,resmed.com
Revvity,revvity.com
Rockwell Automation,rockwellautomation.com
Rollins,rollins.com
Roper Technologies,ropertech.com
Ross Stores,rossstores.com
Royal Caribbean Group,royalcaribbeangroup.com
S&P Global,spglobal.com
SanDisk,sandisk.com
SBA Communications,sbasite.com
SLB,slb.com
Seagate Technology,seagate.com
Sempra,sempra.com
ServiceNow,servicenow.com
Sherwin-Williams,sherwin-williams.com
Simon Property Group,simon.com
Skyworks Solutions,skyworksinc.com
The J.M. Smucker Company,jmsmucker.com
Smurfit Westrock,smurfitwestrock.com
Snap-on,snapon.com
Solventum,solventum.com
Southern Company,southerncompany.com
Southwest Airlines,southwest.com
Stanley Black & Decker,stanleyblackanddecker.com
Starbucks,starbucks.com
Steel Dynamics,steeldynamics.com
Steris,steris.com
Super Micro Computer,supermicro.com
Synchrony,synchrony.com
Synopsys,synopsys.com
Sysco,sysco.com
T-Mobile,t-mobile.com
T. Rowe Price,troweprice.com
Take-Two Interactive,take2games.com
Tapestry,tapestry.com
Targa Resources,targaresources.com
TE Connectivity,te.com
Teledyne Technologies,teledyne.com
Teradyne,teradyne.com
Tesla,tesla.com
Texas Instruments,ti.com
Texas Pacific Land Corporation,texaspacific.com
Textron,textron.com
TJX Companies,tjx.com
TKO Group Holdings,tkogrp.com
The Trade Desk,thetradedesk.com
Tractor Supply Company,tractorsupply.com
Trane Technologies,tranetechnologies.com
TransDigm Group,transdigm.com
The Travelers Companies,travelers.com
Trimble,trimble.com
Tyler Technologies,tylertech.com
Tyson Foods,tysonfoods.com
U.S. Bancorp,usbank.com
Uber,uber.com
UDR,udr.com
Ulta Beauty,ulta.com
Union Pacific,up.com
United Airlines,united.com
UPS,ups.com
United Rentals,unitedrentals.com
UnitedHealth Group,unitedhealthgroup.com
Universal Health Services,uhsinc.com
Valero Energy,valero.com
Veeva Systems,veeva.com
Ventas,ventasreit.com
Veralto,veralto.com
Verisign,verisign.com
Verisk Analytics,verisk.com
Verizon,verizon.com
Vertex Pharmaceuticals,vrtx.com
Vertiv,vertiv.com
Viatris,viatris.com
VICI Properties,viciproperties.com
Vistra Corp,vistracorp.com
Vulcan Materials Company,vulcanmaterials.com
W. R. Berkley Corporation,wrberkley.com
W.W. Grainger,grainger.com
Wabtec,wabteccorp.com
Walmart,walmart.com
The Walt Disney Company,thewaltdisneycompany.com
Waste Management,wm.com
Waters Corporation,waters.com
WEC Energy Group,wecenergygroup.com
Wells Fargo,wellsfargo.com
Welltower,welltower.com
West Pharmaceutical Services,westpharma.com
Western Digital,westerndigital.com
Weyerhaeuser,weyerhaeuser.com
Williams-Sonoma,williams-sonomainc.com
Williams Companies,williams.com
WTW,wtwco.com
Wynn Resorts,wynnresorts.com
Xcel Energy,xcelenergy.com
Xylem,xylem.com
Yum! Brands,yum.com
Zebra Technologies,zebra.com
Zimmer Biomet,zimmerbiomet.com
Zoetis,zoetis.com
State Farm,statefarm.com
Nationwide Mutual Insurance,nationwide.com
Liberty Mutual Insurance,libertymutual.com
USAA,usaa.com
Northwestern Mutual,northwesternmutual.com
New York Life Insurance,newyorklife.com
MassMutual,massmutual.com
Guardian Life Insurance,guardianlife.com
Publix Super Markets,publix.com
H-E-B,heb.com
Wegmans Food Markets,wegmans.com
Meijer,meijer.com
Hy-Vee,hy-vee.com
Albertsons Companies,albertsonscompanies.com
Booz Allen Hamilton,boozallen.com
SAIC,saic.com
CACI International,caci.com
AECOM,aecom.com
Bechtel,bechtel.com
Fluor Corporation,fluor.com
Parsons Corporation,parsons.com
XPO,xpo.com
Werner Enterprises,werner.com
Knight-Swift Transportation,knight-swift.com
Ryder System,ryder.com
Enterprise Products Partners,enterpriseproducts.com
Energy Transfer,energytransfer.com
Plains All American Pipeline,plains.com
Cargill,cargill.com
"Mars, Incorporated",mars.com
Kaiser Permanente,kaiserpermanente.org
Ascension,ascension.org
CommonSpirit Health,commonspirit.org
Providence,providence.org
Zions Bancorporation,zionsbancorporation.com
Comerica,comerica.com
First Citizens Bank,firstcitizens.com
Synovus,synovus.com
Kohl's,kohls.com
Gap Inc.,gapinc.com
Levi Strauss & Co.,levistrauss.com
Under Armour,underarmour.com
ICF International,icf.com
Maximus,maximus.com
